iter,loss
0,1.084105
1,0.188136
2,0.181034
3,0.174713
4,0.168989
5,0.163746
6,0.158904
7,0.154410
8,0.150224
9,0.146315
10,0.142660
11,0.139239
12,0.136035
13,0.133032
14,0.130217
15,0.127576
16,0.125097
17,0.122768
18,0.120578
19,0.118516
20,0.116573
21,0.114739
22,0.113006
23,0.111366
24,0.109811
25,0.108335
26,0.106932
27,0.105596
28,0.104322
29,0.103106
30,0.101943
31,0.100829
32,0.099761
33,0.098735
34,0.097750
35,0.096801
36,0.095887
37,0.095005
38,0.094153
39,0.093330
40,0.092534
41,0.091763
42,0.091015
43,0.090289
44,0.089585
45,0.088900
46,0.088234
47,0.087586
48,0.086955
49,0.086339
50,0.085739
51,0.085153
52,0.084581
53,0.084022
54,0.083475
55,0.082940
56,0.082416
57,0.081903
58,0.081401
59,0.080908
60,0.080425
61,0.079951
62,0.079486
63,0.079029
64,0.078580
65,0.078139
66,0.077705
67,0.077279
68,0.076859
69,0.076446
70,0.076040
71,0.075639
72,0.075245
73,0.074856
74,0.074474
75,0.074096
76,0.073724
77,0.073357
78,0.072995
79,0.072637
80,0.072285
81,0.071937
82,0.071593
83,0.071253
84,0.070918
85,0.070587
86,0.070260
87,0.069936
88,0.069616
89,0.069300
90,0.068988
91,0.068679
92,0.068373
93,0.068071
94,0.067772
95,0.067476
96,0.067183
97,0.066893
98,0.066606
99,0.066322
100,0.066041
101,0.065762
102,0.065486
103,0.065213
104,0.064943
105,0.064675
106,0.064410
107,0.064147
108,0.063886
109,0.063628
110,0.063372
111,0.063119
112,0.062867
113,0.062618
114,0.062371
115,0.062127
116,0.061884
117,0.061643
118,0.061405
119,0.061168
120,0.060933
121,0.060701
122,0.060470
123,0.060241
124,0.060014
125,0.059789
126,0.059565
127,0.059343
128,0.059123
129,0.058905
130,0.058689
131,0.058474
132,0.058261
133,0.058049
134,0.057839
135,0.057631
136,0.057424
137,0.057218
138,0.057015
139,0.056812
140,0.056612
141,0.056412
142,0.056214
143,0.056018
144,0.055823
145,0.055629
146,0.055437
147,0.055246
148,0.055056
149,0.054868
150,0.054681
151,0.054495
152,0.054311
153,0.054128
154,0.053946
155,0.053766
156,0.053586
157,0.053408
158,0.053231
159,0.053055
160,0.052881
161,0.052708
162,0.052535
163,0.052364
164,0.052194
165,0.052025
166,0.051858
167,0.051691
168,0.051525
169,0.051361
170,0.051197
171,0.051035
172,0.050874
173,0.050713
174,0.050554
175,0.050396
176,0.050239
177,0.050082
178,0.049927
179,0.049773
180,0.049619
181,0.049467
182,0.049316
183,0.049165
184,0.049016
185,0.048867
186,0.048719
187,0.048572
188,0.048426
189,0.048281
190,0.048137
191,0.047994
192,0.047851
193,0.047710
194,0.047569
195,0.047429
196,0.047290
197,0.047152
198,0.047015
199,0.046878
200,0.046742
201,0.046608
202,0.046473
203,0.046340
204,0.046207
205,0.046076
206,0.045945
207,0.045814
208,0.045685
209,0.045556
210,0.045428
211,0.045301
212,0.045174
213,0.045048
214,0.044923
215,0.044799
216,0.044675
217,0.044552
218,0.044430
219,0.044308
220,0.044187
221,0.044067
222,0.043948
223,0.043829
224,0.043711
225,0.043593
226,0.043476
227,0.043360
228,0.043244
229,0.043129
230,0.043015
231,0.042901
232,0.042788
233,0.042676
234,0.042564
235,0.042453
236,0.042342
237,0.042232
238,0.042123
239,0.042014
240,0.041906
241,0.041798
242,0.041691
243,0.041585
244,0.041479
245,0.041373
246,0.041269
247,0.041164
248,0.041061
249,0.040958
250,0.040855
251,0.040753
252,0.040652
253,0.040551
254,0.040450
255,0.040350
256,0.040251
257,0.040152
258,0.040054
259,0.039956
260,0.039859
261,0.039762
262,0.039666
263,0.039570
264,0.039475
265,0.039380
266,0.039285
267,0.039192
268,0.039098
269,0.039005
270,0.038913
271,0.038821
272,0.038730
273,0.038639
274,0.038548
275,0.038458
276,0.038368
277,0.038279
278,0.038191
279,0.038102
280,0.038014
281,0.037927
282,0.037840
283,0.037754
284,0.037668
285,0.037582
286,0.037497
287,0.037412
288,0.037327
289,0.037243
290,0.037160
291,0.037077
292,0.036994
293,0.036912
294,0.036830
295,0.036748
296,0.036667
297,0.036586
298,0.036506
299,0.036426
300,0.036347
301,0.036267
302,0.036189
303,0.036110
304,0.036032
305,0.035955
306,0.035877
307,0.035800
308,0.035724
309,0.035648
310,0.035572
311,0.035496
312,0.035421
313,0.035347
314,0.035272
315,0.035198
316,0.035124
317,0.035051
318,0.034978
319,0.034905
320,0.034833
321,0.034761
322,0.034690
323,0.034618
324,0.034547
325,0.034477
326,0.034406
327,0.034336
328,0.034267
329,0.034197
330,0.034128
331,0.034060
332,0.033991
333,0.033923
334,0.033855
335,0.033788
336,0.033721
337,0.033654
338,0.033587
339,0.033521
340,0.033455
341,0.033390
342,0.033324
343,0.033259
344,0.033195
345,0.033130
346,0.033066
347,0.033002
348,0.032939
349,0.032875
350,0.032812
351,0.032750
352,0.032687
353,0.032625
354,0.032563
355,0.032501
356,0.032440
357,0.032379
358,0.032318
359,0.032258
360,0.032197
361,0.032137
362,0.032078
363,0.032018
364,0.031959
365,0.031900
366,0.031841
367,0.031783
368,0.031724
369,0.031667
370,0.031609
371,0.031551
372,0.031494
373,0.031437
374,0.031381
375,0.031324
376,0.031268
377,0.031212
378,0.031156
379,0.031101
380,0.031045
381,0.030990
382,0.030936
383,0.030881
384,0.030827
385,0.030773
386,0.030719
387,0.030665
388,0.030612
389,0.030558
390,0.030505
391,0.030453
392,0.030400
393,0.030348
394,0.030296
395,0.030244
396,0.030192
397,0.030141
398,0.030090
399,0.030039
400,0.029988
401,0.029937
402,0.029887
403,0.029837
404,0.029787
405,0.029737
406,0.029687
407,0.029638
408,0.029589
409,0.029540
410,0.029491
411,0.029443
412,0.029394
413,0.029346
414,0.029298
415,0.029250
416,0.029203
417,0.029155
418,0.029108
419,0.029061
420,0.029014
421,0.028968
422,0.028921
423,0.028875
424,0.028829
425,0.028783
426,0.028737
427,0.028692
428,0.028647
429,0.028601
430,0.028556
431,0.028512
432,0.028467
433,0.028423
434,0.028378
435,0.028334
436,0.028290
437,0.028247
438,0.028203
439,0.028160
440,0.028116
441,0.028073
442,0.028030
443,0.027988
444,0.027945
445,0.027903
446,0.027861
447,0.027818
448,0.027777
449,0.027735
450,0.027693
451,0.027652
452,0.027611
453,0.027569
454,0.027528
455,0.027488
456,0.027447
457,0.027407
458,0.027366
459,0.027326
460,0.027286
461,0.027246
462,0.027206
463,0.027167
464,0.027128
465,0.027088
466,0.027049
467,0.027010
468,0.026971
469,0.026933
470,0.026894
471,0.026856
472,0.026818
473,0.026779
474,0.026741
475,0.026704
476,0.026666
477,0.026628
478,0.026591
479,0.026554
480,0.026517
481,0.026480
482,0.026443
483,0.026406
484,0.026370
485,0.026333
486,0.026297
487,0.026261
488,0.026225
489,0.026189
490,0.026153
491,0.026117
492,0.026082
493,0.026046
494,0.026011
495,0.025976
496,0.025941
497,0.025906
498,0.025871
499,0.025837
500,0.025802
501,0.025768
502,0.025734
503,0.025700
504,0.025666
505,0.025632
506,0.025598
507,0.025564
508,0.025531
509,0.025497
510,0.025464
511,0.025431
512,0.025398
513,0.025365
514,0.025332
515,0.025300
516,0.025267
517,0.025235
518,0.025202
519,0.025170
520,0.025138
521,0.025106
522,0.025074
523,0.025042
524,0.025011
525,0.024979
526,0.024948
527,0.024916
528,0.024885
529,0.024854
530,0.024823
531,0.024792
532,0.024761
533,0.024730
534,0.024700
535,0.024669
536,0.024639
537,0.024609
538,0.024579
539,0.024549
540,0.024519
541,0.024489
542,0.024459
543,0.024429
544,0.024400
545,0.024370
546,0.024341
547,0.024312
548,0.024283
549,0.024254
550,0.024225
551,0.024196
552,0.024167
553,0.024138
554,0.024110
555,0.024081
556,0.024053
557,0.024025
558,0.023997
559,0.023968
560,0.023940
561,0.023913
562,0.023885
563,0.023857
564,0.023829
565,0.023802
566,0.023774
567,0.023747
568,0.023720
569,0.023693
570,0.023666
571,0.023639
572,0.023612
573,0.023585
574,0.023558
575,0.023532
576,0.023505
577,0.023479
578,0.023452
579,0.023426
580,0.023400
581,0.023374
582,0.023348
583,0.023322
584,0.023296
585,0.023270
586,0.023245
587,0.023219
588,0.023193
589,0.023168
590,0.023143
591,0.023117
592,0.023092
593,0.023067
594,0.023042
595,0.023017
596,0.022992
597,0.022967
598,0.022943
599,0.022918
600,0.022894
601,0.022869
602,0.022845
603,0.022820
604,0.022796
605,0.022772
606,0.022748
607,0.022724
608,0.022700
609,0.022676
610,0.022652
611,0.022629
612,0.022605
613,0.022582
614,0.022558
615,0.022535
616,0.022511
617,0.022488
618,0.022465
619,0.022442
620,0.022419
621,0.022396
622,0.022373
623,0.022350
624,0.022327
625,0.022305
626,0.022282
627,0.022260
628,0.022237
629,0.022215
630,0.022192
631,0.022170
632,0.022148
633,0.022126
634,0.022104
635,0.022082
636,0.022060
637,0.022038
638,0.022016
639,0.021994
640,0.021973
641,0.021951
642,0.021930
643,0.021908
644,0.021887
645,0.021866
646,0.021844
647,0.021823
648,0.021802
649,0.021781
650,0.021760
651,0.021739
652,0.021718
653,0.021697
654,0.021676
655,0.021656
656,0.021635
657,0.021615
658,0.021594
659,0.021574
660,0.021553
661,0.021533
662,0.021513
663,0.021493
664,0.021472
665,0.021452
666,0.021432
667,0.021412
668,0.021392
669,0.021373
670,0.021353
671,0.021333
672,0.021313
673,0.021294
674,0.021274
675,0.021255
676,0.021235
677,0.021216
678,0.021197
679,0.021177
680,0.021158
681,0.021139
682,0.021120
683,0.021101
684,0.021082
685,0.021063
686,0.021044
687,0.021025
688,0.021007
689,0.020988
690,0.020969
691,0.020951
692,0.020932
693,0.020914
694,0.020895
695,0.020877
696,0.020859
697,0.020840
698,0.020822
699,0.020804
700,0.020786
701,0.020768
702,0.020750
703,0.020732
704,0.020714
705,0.020696
706,0.020678
707,0.020660
708,0.020643
709,0.020625
710,0.020607
711,0.020590
712,0.020572
713,0.020555
714,0.020538
715,0.020520
716,0.020503
717,0.020486
718,0.020468
719,0.020451
720,0.020434
721,0.020417
722,0.020400
723,0.020383
724,0.020366
725,0.020349
726,0.020332
727,0.020316
728,0.020299
729,0.020282
730,0.020266
731,0.020249
732,0.020233
733,0.020216
734,0.020200
735,0.020183
736,0.020167
737,0.020151
738,0.020134
739,0.020118
740,0.020102
741,0.020086
742,0.020070
743,0.020054
744,0.020038
745,0.020022
746,0.020006
747,0.019990
748,0.019974
749,0.019958
750,0.019942
751,0.019927
752,0.019911
753,0.019896
754,0.019880
755,0.019864
756,0.019849
757,0.019833
758,0.019818
759,0.019803
760,0.019787
761,0.019772
762,0.019757
763,0.019742
764,0.019727
765,0.019711
766,0.019696
767,0.019681
768,0.019666
769,0.019651
770,0.019637
771,0.019622
772,0.019607
773,0.019592
774,0.019577
775,0.019563
776,0.019548
777,0.019533
778,0.019519
779,0.019504
780,0.019490
781,0.019475
782,0.019461
783,0.019446
784,0.019432
785,0.019418
786,0.019403
787,0.019389
788,0.019375
789,0.019361
790,0.019347
791,0.019333
792,0.019318
793,0.019304
794,0.019290
795,0.019277
796,0.019263
797,0.019249
798,0.019235
799,0.019221
800,0.019207
801,0.019194
802,0.019180
803,0.019166
804,0.019153
805,0.019139
806,0.019126
807,0.019112
808,0.019099
809,0.019085
810,0.019072
811,0.019058
812,0.019045
813,0.019032
814,0.019018
815,0.019005
816,0.018992
817,0.018979
818,0.018966
819,0.018953
820,0.018939
821,0.018926
822,0.018913
823,0.018900
824,0.018888
825,0.018875
826,0.018862
827,0.018849
828,0.018836
829,0.018823
830,0.018811
831,0.018798
832,0.018785
833,0.018773
834,0.018760
835,0.018747
836,0.018735
837,0.018722
838,0.018710
839,0.018697
840,0.018685
841,0.018673
842,0.018660
843,0.018648
844,0.018636
845,0.018623
846,0.018611
847,0.018599
848,0.018587
849,0.018575
850,0.018563
851,0.018550
852,0.018538
853,0.018526
854,0.018514
855,0.018502
856,0.018491
857,0.018479
858,0.018467
859,0.018455
860,0.018443
861,0.018431
862,0.018420
863,0.018408
864,0.018396
865,0.018385
866,0.018373
867,0.018361
868,0.018350
869,0.018338
870,0.018327
871,0.018315
872,0.018304
873,0.018292
874,0.018281
875,0.018269
876,0.018258
877,0.018247
878,0.018236
879,0.018224
880,0.018213
881,0.018202
882,0.018191
883,0.018179
884,0.018168
885,0.018157
886,0.018146
887,0.018135
888,0.018124
889,0.018113
890,0.018102
891,0.018091
892,0.018080
893,0.018069
894,0.018059
895,0.018048
896,0.018037
897,0.018026
898,0.018015
899,0.018005
900,0.017994
901,0.017983
902,0.017973
903,0.017962
904,0.017951
905,0.017941
906,0.017930
907,0.017920
908,0.017909
909,0.017899
910,0.017888
911,0.017878
912,0.017867
913,0.017857
914,0.017847
915,0.017836
916,0.017826
917,0.017816
918,0.017806
919,0.017795
920,0.017785
921,0.017775
922,0.017765
923,0.017755
924,0.017744
925,0.017734
926,0.017724
927,0.017714
928,0.017704
929,0.017694
930,0.017684
931,0.017674
932,0.017664
933,0.017655
934,0.017645
935,0.017635
936,0.017625
937,0.017615
938,0.017605
939,0.017596
940,0.017586
941,0.017576
942,0.017567
943,0.017557
944,0.017547
945,0.017538
946,0.017528
947,0.017518
948,0.017509
949,0.017499
950,0.017490
951,0.017480
952,0.017471
953,0.017461
954,0.017452
955,0.017443
956,0.017433
957,0.017424
958,0.017414
959,0.017405
960,0.017396
961,0.017387
962,0.017377
963,0.017368
964,0.017359
965,0.017350
966,0.017341
967,0.017331
968,0.017322
969,0.017313
970,0.017304
971,0.017295
972,0.017286
973,0.017277
974,0.017268
975,0.017259
976,0.017250
977,0.017241
978,0.017232
979,0.017223
980,0.017214
981,0.017205
982,0.017197
983,0.017188
984,0.017179
985,0.017170
986,0.017161
987,0.017153
988,0.017144
989,0.017135
990,0.017127
991,0.017118
992,0.017109
993,0.017101
994,0.017092
995,0.017084
996,0.017075
997,0.017066
998,0.017058
999,0.017049
1000,0.017041
1001,0.017032
1002,0.017024
1003,0.017016
1004,0.017007
1005,0.016999
1006,0.016990
1007,0.016982
1008,0.016974
1009,0.016965
1010,0.016957
1011,0.016949
1012,0.016940
1013,0.016932
1014,0.016924
1015,0.016916
1016,0.016908
1017,0.016899
1018,0.016891
1019,0.016883
1020,0.016875
1021,0.016867
1022,0.016859
1023,0.016851
1024,0.016843
1025,0.016835
1026,0.016827
1027,0.016819
1028,0.016811
1029,0.016803
1030,0.016795
1031,0.016787
1032,0.016779
1033,0.016771
1034,0.016763
1035,0.016755
1036,0.016747
1037,0.016740
1038,0.016732
1039,0.016724
1040,0.016716
1041,0.016708
1042,0.016701
1043,0.016693
1044,0.016685
1045,0.016678
1046,0.016670
1047,0.016662
1048,0.016655
1049,0.016647
1050,0.016639
1051,0.016632
1052,0.016624
1053,0.016617
1054,0.016609
1055,0.016602
1056,0.016594
1057,0.016587
1058,0.016579
1059,0.016572
1060,0.016564
1061,0.016557
1062,0.016549
1063,0.016542
1064,0.016535
1065,0.016527
1066,0.016520
1067,0.016513
1068,0.016505
1069,0.016498
1070,0.016491
1071,0.016483
1072,0.016476
1073,0.016469
1074,0.016462
1075,0.016454
1076,0.016447
1077,0.016440
1078,0.016433
1079,0.016426
1080,0.016419
1081,0.016411
1082,0.016404
1083,0.016397
1084,0.016390
1085,0.016383
1086,0.016376
1087,0.016369
1088,0.016362
1089,0.016355
1090,0.016348
1091,0.016341
1092,0.016334
1093,0.016327
1094,0.016320
1095,0.016313
1096,0.016306
1097,0.016300
1098,0.016293
1099,0.016286
1100,0.016279
1101,0.016272
1102,0.016265
1103,0.016259
1104,0.016252
1105,0.016245
1106,0.016238
1107,0.016231
1108,0.016225
1109,0.016218
1110,0.016211
1111,0.016205
1112,0.016198
1113,0.016191
1114,0.016185
1115,0.016178
1116,0.016171
1117,0.016165
1118,0.016158
1119,0.016152
1120,0.016145
1121,0.016139
1122,0.016132
1123,0.016125
1124,0.016119
1125,0.016112
1126,0.016106
1127,0.016100
1128,0.016093
1129,0.016087
1130,0.016080
1131,0.016074
1132,0.016067
1133,0.016061
1134,0.016055
1135,0.016048
1136,0.016042
1137,0.016036
1138,0.016029
1139,0.016023
1140,0.016017
1141,0.016010
1142,0.016004
1143,0.015998
1144,0.015992
1145,0.015985
1146,0.015979
1147,0.015973
1148,0.015967
1149,0.015960
1150,0.015954
1151,0.015948
1152,0.015942
1153,0.015936
1154,0.015930
1155,0.015924
1156,0.015917
1157,0.015911
1158,0.015905
1159,0.015899
1160,0.015893
1161,0.015887
1162,0.015881
1163,0.015875
1164,0.015869
1165,0.015863
1166,0.015857
1167,0.015851
1168,0.015845
1169,0.015839
1170,0.015833
1171,0.015827
1172,0.015822
1173,0.015816
1174,0.015810
1175,0.015804
1176,0.015798
1177,0.015792
1178,0.015786
1179,0.015781
1180,0.015775
1181,0.015769
1182,0.015763
1183,0.015757
1184,0.015752
1185,0.015746
1186,0.015740
1187,0.015734
1188,0.015729
1189,0.015723
1190,0.015717
1191,0.015711
1192,0.015706
1193,0.015700
1194,0.015694
1195,0.015689
1196,0.015683
1197,0.015678
1198,0.015672
1199,0.015666
1200,0.015661
1201,0.015655
1202,0.015650
1203,0.015644
1204,0.015639
1205,0.015633
1206,0.015627
1207,0.015622
1208,0.015616
1209,0.015611
1210,0.015605
1211,0.015600
1212,0.015595
1213,0.015589
1214,0.015584
1215,0.015578
1216,0.015573
1217,0.015567
1218,0.015562
1219,0.015557
1220,0.015551
1221,0.015546
1222,0.015541
1223,0.015535
1224,0.015530
1225,0.015525
1226,0.015519
1227,0.015514
1228,0.015509
1229,0.015503
1230,0.015498
1231,0.015493
1232,0.015488
1233,0.015482
1234,0.015477
1235,0.015472
1236,0.015467
1237,0.015461
1238,0.015456
1239,0.015451
1240,0.015446
1241,0.015441
1242,0.015436
1243,0.015430
1244,0.015425
1245,0.015420
1246,0.015415
1247,0.015410
1248,0.015405
1249,0.015400
1250,0.015395
1251,0.015390
1252,0.015385
1253,0.015380
1254,0.015374
1255,0.015369
1256,0.015364
1257,0.015359
1258,0.015354
1259,0.015349
1260,0.015344
1261,0.015339
1262,0.015335
1263,0.015330
1264,0.015325
1265,0.015320
1266,0.015315
1267,0.015310
1268,0.015305
1269,0.015300
1270,0.015295
1271,0.015290
1272,0.015285
1273,0.015281
1274,0.015276
1275,0.015271
1276,0.015266
1277,0.015261
1278,0.015256
1279,0.015252
1280,0.015247
1281,0.015242
1282,0.015237
1283,0.015232
1284,0.015228
1285,0.015223
1286,0.015218
1287,0.015213
1288,0.015209
1289,0.015204
1290,0.015199
1291,0.015195
1292,0.015190
1293,0.015185
1294,0.015181
1295,0.015176
1296,0.015171
1297,0.015167
1298,0.015162
1299,0.015157
1300,0.015153
1301,0.015148
1302,0.015144
1303,0.015139
1304,0.015134
1305,0.015130
1306,0.015125
1307,0.015121
1308,0.015116
1309,0.015112
1310,0.015107
1311,0.015102
1312,0.015098
1313,0.015093
1314,0.015089
1315,0.015084
1316,0.015080
1317,0.015075
1318,0.015071
1319,0.015067
1320,0.015062
1321,0.015058
1322,0.015053
1323,0.015049
1324,0.015044
1325,0.015040
1326,0.015036
1327,0.015031
1328,0.015027
1329,0.015022
1330,0.015018
1331,0.015014
1332,0.015009
1333,0.015005
1334,0.015001
1335,0.014996
1336,0.014992
1337,0.014988
1338,0.014983
1339,0.014979
1340,0.014975
1341,0.014970
1342,0.014966
1343,0.014962
1344,0.014958
1345,0.014953
1346,0.014949
1347,0.014945
1348,0.014941
1349,0.014936
1350,0.014932
1351,0.014928
1352,0.014924
1353,0.014920
1354,0.014915
1355,0.014911
1356,0.014907
1357,0.014903
1358,0.014899
1359,0.014895
1360,0.014890
1361,0.014886
1362,0.014882
1363,0.014878
1364,0.014874
1365,0.014870
1366,0.014866
1367,0.014862
1368,0.014858
1369,0.014853
1370,0.014849
1371,0.014845
1372,0.014841
1373,0.014837
1374,0.014833
1375,0.014829
1376,0.014825
1377,0.014821
1378,0.014817
1379,0.014813
1380,0.014809
1381,0.014805
1382,0.014801
1383,0.014797
1384,0.014793
1385,0.014789
1386,0.014785
1387,0.014781
1388,0.014777
1389,0.014773
1390,0.014770
1391,0.014766
1392,0.014762
1393,0.014758
1394,0.014754
1395,0.014750
1396,0.014746
1397,0.014742
1398,0.014738
1399,0.014735
1400,0.014731
1401,0.014727
1402,0.014723
1403,0.014719
1404,0.014715
1405,0.014711
1406,0.014708
1407,0.014704
1408,0.014700
1409,0.014696
1410,0.014692
1411,0.014689
1412,0.014685
1413,0.014681
1414,0.014677
1415,0.014674
1416,0.014670
1417,0.014666
1418,0.014662
1419,0.014659
1420,0.014655
1421,0.014651
1422,0.014647
1423,0.014644
1424,0.014640
1425,0.014636
1426,0.014633
1427,0.014629
1428,0.014625
1429,0.014622
1430,0.014618
1431,0.014614
1432,0.014611
1433,0.014607
1434,0.014603
1435,0.014600
1436,0.014596
1437,0.014593
1438,0.014589
1439,0.014585
1440,0.014582
1441,0.014578
1442,0.014575
1443,0.014571
1444,0.014567
1445,0.014564
1446,0.014560
1447,0.014557
1448,0.014553
1449,0.014550
1450,0.014546
1451,0.014543
1452,0.014539
1453,0.014535
1454,0.014532
1455,0.014528
1456,0.014525
1457,0.014521
1458,0.014518
1459,0.014514
1460,0.014511
1461,0.014508
1462,0.014504
1463,0.014501
1464,0.014497
1465,0.014494
1466,0.014490
1467,0.014487
1468,0.014483
1469,0.014480
1470,0.014477
1471,0.014473
1472,0.014470
1473,0.014466
1474,0.014463
1475,0.014460
1476,0.014456
1477,0.014453
1478,0.014449
1479,0.014446
1480,0.014443
1481,0.014439
1482,0.014436
1483,0.014433
1484,0.014429
1485,0.014426
1486,0.014423
1487,0.014419
1488,0.014416
1489,0.014413
1490,0.014409
1491,0.014406
1492,0.014403
1493,0.014399
1494,0.014396
1495,0.014393
1496,0.014390
1497,0.014386
1498,0.014383
1499,0.014380
1500,0.014377
1501,0.014373
1502,0.014370
1503,0.014367
1504,0.014364
1505,0.014360
1506,0.014357
1507,0.014354
1508,0.014351
1509,0.014348
1510,0.014344
1511,0.014341
1512,0.014338
1513,0.014335
1514,0.014332
1515,0.014328
1516,0.014325
1517,0.014322
1518,0.014319
1519,0.014316
1520,0.014313
1521,0.014310
1522,0.014306
1523,0.014303
1524,0.014300
1525,0.014297
1526,0.014294
1527,0.014291
1528,0.014288
1529,0.014285
1530,0.014282
1531,0.014278
1532,0.014275
1533,0.014272
1534,0.014269
1535,0.014266
1536,0.014263
1537,0.014260
1538,0.014257
1539,0.014254
1540,0.014251
1541,0.014248
1542,0.014245
1543,0.014242
1544,0.014239
1545,0.014236
1546,0.014233
1547,0.014230
1548,0.014227
1549,0.014224
1550,0.014221
1551,0.014218
1552,0.014215
1553,0.014212
1554,0.014209
1555,0.014206
1556,0.014203
1557,0.014200
1558,0.014197
1559,0.014194
1560,0.014191
1561,0.014188
1562,0.014185
1563,0.014182
1564,0.014179
1565,0.014176
1566,0.014173
1567,0.014171
1568,0.014168
1569,0.014165
1570,0.014162
1571,0.014159
1572,0.014156
1573,0.014153
1574,0.014150
1575,0.014147
1576,0.014145
1577,0.014142
1578,0.014139
1579,0.014136
1580,0.014133
1581,0.014130
1582,0.014127
1583,0.014125
1584,0.014122
1585,0.014119
1586,0.014116
1587,0.014113
1588,0.014111
1589,0.014108
1590,0.014105
1591,0.014102
1592,0.014099
1593,0.014096
1594,0.014094
1595,0.014091
1596,0.014088
1597,0.014085
1598,0.014083
1599,0.014080
1600,0.014077
1601,0.014074
1602,0.014072
1603,0.014069
1604,0.014066
1605,0.014063
1606,0.014061
1607,0.014058
1608,0.014055
1609,0.014052
1610,0.014050
1611,0.014047
1612,0.014044
1613,0.014042
1614,0.014039
1615,0.014036
1616,0.014033
1617,0.014031
1618,0.014028
1619,0.014025
1620,0.014023
1621,0.014020
1622,0.014017
1623,0.014015
1624,0.014012
1625,0.014009
1626,0.014007
1627,0.014004
1628,0.014002
1629,0.013999
1630,0.013996
1631,0.013994
1632,0.013991
1633,0.013988
1634,0.013986
1635,0.013983
1636,0.013981
1637,0.013978
1638,0.013975
1639,0.013973
1640,0.013970
1641,0.013968
1642,0.013965
1643,0.013962
1644,0.013960
1645,0.013957
1646,0.013955
1647,0.013952
1648,0.013950
1649,0.013947
1650,0.013944
1651,0.013942
1652,0.013939
1653,0.013937
1654,0.013934
1655,0.013932
1656,0.013929
1657,0.013927
1658,0.013924
1659,0.013922
1660,0.013919
1661,0.013917
1662,0.013914
1663,0.013912
1664,0.013909
1665,0.013907
1666,0.013904
1667,0.013902
1668,0.013899
1669,0.013897
1670,0.013894
1671,0.013892
1672,0.013889
1673,0.013887
1674,0.013884
1675,0.013882
1676,0.013879
1677,0.013877
1678,0.013875
1679,0.013872
1680,0.013870
1681,0.013867
1682,0.013865
1683,0.013862
1684,0.013860
1685,0.013858
1686,0.013855
1687,0.013853
1688,0.013850
1689,0.013848
1690,0.013846
1691,0.013843
1692,0.013841
1693,0.013838
1694,0.013836
1695,0.013834
1696,0.013831
1697,0.013829
1698,0.013827
1699,0.013824
1700,0.013822
1701,0.013819
1702,0.013817
1703,0.013815
1704,0.013812
1705,0.013810
1706,0.013808
1707,0.013805
1708,0.013803
1709,0.013801
1710,0.013798
1711,0.013796
1712,0.013794
1713,0.013791
1714,0.013789
1715,0.013787
1716,0.013784
1717,0.013782
1718,0.013780
1719,0.013778
1720,0.013775
1721,0.013773
1722,0.013771
1723,0.013768
1724,0.013766
1725,0.013764
1726,0.013762
1727,0.013759
1728,0.013757
1729,0.013755
1730,0.013753
1731,0.013750
1732,0.013748
1733,0.013746
1734,0.013744
1735,0.013741
1736,0.013739
1737,0.013737
1738,0.013735
1739,0.013732
1740,0.013730
1741,0.013728
1742,0.013726
1743,0.013724
1744,0.013721
1745,0.013719
1746,0.013717
1747,0.013715
1748,0.013713
1749,0.013710
1750,0.013708
1751,0.013706
1752,0.013704
1753,0.013702
1754,0.013699
1755,0.013697
1756,0.013695
1757,0.013693
1758,0.013691
1759,0.013689
1760,0.013686
1761,0.013684
1762,0.013682
1763,0.013680
1764,0.013678
1765,0.013676
1766,0.013674
1767,0.013671
1768,0.013669
1769,0.013667
1770,0.013665
1771,0.013663
1772,0.013661
1773,0.013659
1774,0.013657
1775,0.013654
1776,0.013652
1777,0.013650
1778,0.013648
1779,0.013646
1780,0.013644
1781,0.013642
1782,0.013640
1783,0.013638
1784,0.013636
1785,0.013634
1786,0.013631
1787,0.013629
1788,0.013627
1789,0.013625
1790,0.013623
1791,0.013621
1792,0.013619
1793,0.013617
1794,0.013615
1795,0.013613
1796,0.013611
1797,0.013609
1798,0.013607
1799,0.013605
1800,0.013603
1801,0.013601
1802,0.013599
1803,0.013597
1804,0.013595
1805,0.013593
1806,0.013591
1807,0.013589
1808,0.013587
1809,0.013585
1810,0.013583
1811,0.013581
1812,0.013579
1813,0.013577
1814,0.013575
1815,0.013573
1816,0.013571
1817,0.013569
1818,0.013567
1819,0.013565
1820,0.013563
1821,0.013561
1822,0.013559
1823,0.013557
1824,0.013555
1825,0.013553
1826,0.013551
1827,0.013549
1828,0.013547
1829,0.013545
1830,0.013543
1831,0.013541
1832,0.013539
1833,0.013537
1834,0.013535
1835,0.013533
1836,0.013531
1837,0.013530
1838,0.013528
1839,0.013526
1840,0.013524
1841,0.013522
1842,0.013520
1843,0.013518
1844,0.013516
1845,0.013514
1846,0.013512
1847,0.013510
1848,0.013509
1849,0.013507
1850,0.013505
1851,0.013503
1852,0.013501
1853,0.013499
1854,0.013497
1855,0.013495
1856,0.013493
1857,0.013492
1858,0.013490
1859,0.013488
1860,0.013486
1861,0.013484
1862,0.013482
1863,0.013480
1864,0.013479
1865,0.013477
1866,0.013475
1867,0.013473
1868,0.013471
1869,0.013469
1870,0.013468
1871,0.013466
1872,0.013464
1873,0.013462
1874,0.013460
1875,0.013458
1876,0.013457
1877,0.013455
1878,0.013453
1879,0.013451
1880,0.013449
1881,0.013447
1882,0.013446
1883,0.013444
1884,0.013442
1885,0.013440
1886,0.013438
1887,0.013437
1888,0.013435
1889,0.013433
1890,0.013431
1891,0.013430
1892,0.013428
1893,0.013426
1894,0.013424
1895,0.013422
1896,0.013421
1897,0.013419
1898,0.013417
1899,0.013415
1900,0.013414
1901,0.013412
1902,0.013410
1903,0.013408
1904,0.013407
1905,0.013405
1906,0.013403
1907,0.013401
1908,0.013400
1909,0.013398
1910,0.013396
1911,0.013394
1912,0.013393
1913,0.013391
1914,0.013389
1915,0.013388
1916,0.013386
1917,0.013384
1918,0.013382
1919,0.013381
1920,0.013379
1921,0.013377
1922,0.013376
1923,0.013374
1924,0.013372
1925,0.013370
1926,0.013369
1927,0.013367
1928,0.013365
1929,0.013364
1930,0.013362
1931,0.013360
1932,0.013359
1933,0.013357
1934,0.013355
1935,0.013354
1936,0.013352
1937,0.013350
1938,0.013349
1939,0.013347
1940,0.013345
1941,0.013344
1942,0.013342
1943,0.013340
1944,0.013339
1945,0.013337
1946,0.013335
1947,0.013334
1948,0.013332
1949,0.013330
1950,0.013329
1951,0.013327
1952,0.013325
1953,0.013324
1954,0.013322
1955,0.013321
1956,0.013319
1957,0.013317
1958,0.013316
1959,0.013314
1960,0.013312
1961,0.013311
1962,0.013309
1963,0.013308
1964,0.013306
1965,0.013304
1966,0.013303
1967,0.013301
1968,0.013300
1969,0.013298
1970,0.013296
1971,0.013295
1972,0.013293
1973,0.013292
1974,0.013290
1975,0.013288
1976,0.013287
1977,0.013285
1978,0.013284
1979,0.013282
1980,0.013280
1981,0.013279
1982,0.013277
1983,0.013276
1984,0.013274
1985,0.013273
1986,0.013271
1987,0.013270
1988,0.013268
1989,0.013266
1990,0.013265
1991,0.013263
1992,0.013262
1993,0.013260
1994,0.013259
1995,0.013257
1996,0.013256
1997,0.013254
1998,0.013252
1999,0.013251
2000,0.013249
2001,0.013248
2002,0.013246
2003,0.013245
2004,0.013243
2005,0.013242
2006,0.013240
2007,0.013239
2008,0.013237
2009,0.013236
2010,0.013234
2011,0.013233
2012,0.013231
2013,0.013230
2014,0.013228
2015,0.013227
2016,0.013225
2017,0.013224
2018,0.013222
2019,0.013221
2020,0.013219
2021,0.013218
2022,0.013216
2023,0.013215
2024,0.013213
2025,0.013212
2026,0.013210
2027,0.013209
2028,0.013207
2029,0.013206
2030,0.013204
2031,0.013203
2032,0.013201
2033,0.013200
2034,0.013199
2035,0.013197
2036,0.013196
2037,0.013194
2038,0.013193
2039,0.013191
2040,0.013190
2041,0.013188
2042,0.013187
2043,0.013185
2044,0.013184
2045,0.013183
2046,0.013181
2047,0.013180
2048,0.013178
2049,0.013177
2050,0.013175
2051,0.013174
2052,0.013173
2053,0.013171
2054,0.013170
2055,0.013168
2056,0.013167
2057,0.013165
2058,0.013164
2059,0.013163
2060,0.013161
2061,0.013160
2062,0.013158
2063,0.013157
2064,0.013156
2065,0.013154
2066,0.013153
2067,0.013151
2068,0.013150
2069,0.013149
2070,0.013147
2071,0.013146
2072,0.013144
2073,0.013143
2074,0.013142
2075,0.013140
2076,0.013139
2077,0.013137
2078,0.013136
2079,0.013135
2080,0.013133
2081,0.013132
2082,0.013131
2083,0.013129
2084,0.013128
2085,0.013126
2086,0.013125
2087,0.013124
2088,0.013122
2089,0.013121
2090,0.013120
2091,0.013118
2092,0.013117
2093,0.013116
2094,0.013114
2095,0.013113
2096,0.013112
2097,0.013110
2098,0.013109
2099,0.013107
2100,0.013106
2101,0.013105
2102,0.013103
2103,0.013102
2104,0.013101
2105,0.013099
2106,0.013098
2107,0.013097
2108,0.013095
2109,0.013094
2110,0.013093
2111,0.013092
2112,0.013090
2113,0.013089
2114,0.013088
2115,0.013086
2116,0.013085
2117,0.013084
2118,0.013082
2119,0.013081
2120,0.013080
2121,0.013078
2122,0.013077
2123,0.013076
2124,0.013074
2125,0.013073
2126,0.013072
2127,0.013071
2128,0.013069
2129,0.013068
2130,0.013067
2131,0.013065
2132,0.013064
2133,0.013063
2134,0.013062
2135,0.013060
2136,0.013059
2137,0.013058
2138,0.013056
2139,0.013055
2140,0.013054
2141,0.013053
2142,0.013051
2143,0.013050
2144,0.013049
2145,0.013048
2146,0.013046
2147,0.013045
2148,0.013044
2149,0.013043
2150,0.013041
2151,0.013040
2152,0.013039
2153,0.013038
2154,0.013036
2155,0.013035
2156,0.013034
2157,0.013033
2158,0.013031
2159,0.013030
2160,0.013029
2161,0.013028
2162,0.013026
2163,0.013025
2164,0.013024
2165,0.013023
2166,0.013021
2167,0.013020
2168,0.013019
2169,0.013018
2170,0.013017
2171,0.013015
2172,0.013014
2173,0.013013
2174,0.013012
2175,0.013010
2176,0.013009
2177,0.013008
2178,0.013007
2179,0.013006
2180,0.013004
2181,0.013003
2182,0.013002
2183,0.013001
2184,0.013000
2185,0.012998
2186,0.012997
2187,0.012996
2188,0.012995
2189,0.012994
2190,0.012992
2191,0.012991
2192,0.012990
2193,0.012989
2194,0.012988
2195,0.012986
2196,0.012985
2197,0.012984
2198,0.012983
2199,0.012982
2200,0.012981
2201,0.012979
2202,0.012978
2203,0.012977
2204,0.012976
2205,0.012975
2206,0.012973
2207,0.012972
2208,0.012971
2209,0.012970
2210,0.012969
2211,0.012968
2212,0.012966
2213,0.012965
2214,0.012964
2215,0.012963
2216,0.012962
2217,0.012961
2218,0.012960
2219,0.012958
2220,0.012957
2221,0.012956
2222,0.012955
2223,0.012954
2224,0.012953
2225,0.012952
2226,0.012950
2227,0.012949
2228,0.012948
2229,0.012947
2230,0.012946
2231,0.012945
2232,0.012944
2233,0.012942
2234,0.012941
2235,0.012940
2236,0.012939
2237,0.012938
2238,0.012937
2239,0.012936
2240,0.012935
2241,0.012933
2242,0.012932
2243,0.012931
2244,0.012930
2245,0.012929
2246,0.012928
2247,0.012927
2248,0.012926
2249,0.012925
2250,0.012923
2251,0.012922
2252,0.012921
2253,0.012920
2254,0.012919
2255,0.012918
2256,0.012917
2257,0.012916
2258,0.012915
2259,0.012914
2260,0.012912
2261,0.012911
2262,0.012910
2263,0.012909
2264,0.012908
2265,0.012907
2266,0.012906
2267,0.012905
2268,0.012904
2269,0.012903
2270,0.012902
2271,0.012901
2272,0.012899
2273,0.012898
2274,0.012897
2275,0.012896
2276,0.012895
2277,0.012894
2278,0.012893
2279,0.012892
2280,0.012891
2281,0.012890
2282,0.012889
2283,0.012888
2284,0.012887
2285,0.012886
2286,0.012885
2287,0.012883
2288,0.012882
2289,0.012881
2290,0.012880
2291,0.012879
2292,0.012878
2293,0.012877
2294,0.012876
2295,0.012875
2296,0.012874
2297,0.012873
2298,0.012872
2299,0.012871
2300,0.012870
2301,0.012869
2302,0.012868
2303,0.012867
2304,0.012866
2305,0.012865
2306,0.012864
2307,0.012863
2308,0.012862
2309,0.012861
2310,0.012860
2311,0.012858
2312,0.012857
2313,0.012856
2314,0.012855
2315,0.012854
2316,0.012853
2317,0.012852
2318,0.012851
2319,0.012850
2320,0.012849
2321,0.012848
2322,0.012847
2323,0.012846
2324,0.012845
2325,0.012844
2326,0.012843
2327,0.012842
2328,0.012841
2329,0.012840
2330,0.012839
2331,0.012838
2332,0.012837
2333,0.012836
2334,0.012835
2335,0.012834
2336,0.012833
2337,0.012832
2338,0.012831
2339,0.012830
2340,0.012829
2341,0.012828
2342,0.012827
2343,0.012826
2344,0.012825
2345,0.012824
2346,0.012823
2347,0.012822
2348,0.012821
2349,0.012820
2350,0.012819
2351,0.012818
2352,0.012817
2353,0.012817
2354,0.012816
2355,0.012815
2356,0.012814
2357,0.012813
2358,0.012812
2359,0.012811
2360,0.012810
2361,0.012809
2362,0.012808
2363,0.012807
2364,0.012806
2365,0.012805
2366,0.012804
2367,0.012803
2368,0.012802
2369,0.012801
2370,0.012800
2371,0.012799
2372,0.012798
2373,0.012797
2374,0.012796
2375,0.012795
2376,0.012794
2377,0.012793
2378,0.012793
2379,0.012792
2380,0.012791
2381,0.012790
2382,0.012789
2383,0.012788
2384,0.012787
2385,0.012786
2386,0.012785
2387,0.012784
2388,0.012783
2389,0.012782
2390,0.012781
2391,0.012780
2392,0.012779
2393,0.012778
2394,0.012778
2395,0.012777
2396,0.012776
2397,0.012775
2398,0.012774
2399,0.012773
2400,0.012772
2401,0.012771
2402,0.012770
2403,0.012769
2404,0.012768
2405,0.012767
2406,0.012766
2407,0.012766
2408,0.012765
2409,0.012764
2410,0.012763
2411,0.012762
2412,0.012761
2413,0.012760
2414,0.012759
2415,0.012758
2416,0.012757
2417,0.012756
2418,0.012756
2419,0.012755
2420,0.012754
2421,0.012753
2422,0.012752
2423,0.012751
2424,0.012750
2425,0.012749
2426,0.012748
2427,0.012748
2428,0.012747
2429,0.012746
2430,0.012745
2431,0.012744
2432,0.012743
2433,0.012742
2434,0.012741
2435,0.012740
2436,0.012740
2437,0.012739
2438,0.012738
2439,0.012737
2440,0.012736
2441,0.012735
2442,0.012734
2443,0.012733
2444,0.012732
2445,0.012732
2446,0.012731
2447,0.012730
2448,0.012729
2449,0.012728
2450,0.012727
2451,0.012726
2452,0.012726
2453,0.012725
2454,0.012724
2455,0.012723
2456,0.012722
2457,0.012721
2458,0.012720
2459,0.012719
2460,0.012719
2461,0.012718
2462,0.012717
2463,0.012716
2464,0.012715
2465,0.012714
2466,0.012713
2467,0.012713
2468,0.012712
2469,0.012711
2470,0.012710
2471,0.012709
2472,0.012708
2473,0.012708
2474,0.012707
2475,0.012706
2476,0.012705
2477,0.012704
2478,0.012703
2479,0.012702
2480,0.012702
2481,0.012701
2482,0.012700
2483,0.012699
2484,0.012698
2485,0.012697
2486,0.012697
2487,0.012696
2488,0.012695
2489,0.012694
2490,0.012693
2491,0.012692
2492,0.012692
2493,0.012691
2494,0.012690
2495,0.012689
2496,0.012688
2497,0.012688
2498,0.012687
2499,0.012686
2500,0.012685
2501,0.012684
2502,0.012683
2503,0.012683
2504,0.012682
2505,0.012681
2506,0.012680
2507,0.012679
2508,0.012679
2509,0.012678
2510,0.012677
2511,0.012676
2512,0.012675
2513,0.012674
2514,0.012674
2515,0.012673
2516,0.012672
2517,0.012671
2518,0.012670
2519,0.012670
2520,0.012669
2521,0.012668
2522,0.012667
2523,0.012666
2524,0.012666
2525,0.012665
2526,0.012664
2527,0.012663
2528,0.012662
2529,0.012662
2530,0.012661
2531,0.012660
2532,0.012659
2533,0.012659
2534,0.012658
2535,0.012657
2536,0.012656
2537,0.012655
2538,0.012655
2539,0.012654
2540,0.012653
2541,0.012652
2542,0.012651
2543,0.012651
2544,0.012650
2545,0.012649
2546,0.012648
2547,0.012648
2548,0.012647
2549,0.012646
2550,0.012645
2551,0.012644
2552,0.012644
2553,0.012643
2554,0.012642
2555,0.012641
2556,0.012641
2557,0.012640
2558,0.012639
2559,0.012638
2560,0.012638
2561,0.012637
2562,0.012636
2563,0.012635
2564,0.012634
2565,0.012634
2566,0.012633
2567,0.012632
2568,0.012631
2569,0.012631
2570,0.012630
2571,0.012629
2572,0.012628
2573,0.012628
2574,0.012627
2575,0.012626
2576,0.012625
2577,0.012625
2578,0.012624
2579,0.012623
2580,0.012622
2581,0.012622
2582,0.012621
2583,0.012620
2584,0.012619
2585,0.012619
2586,0.012618
2587,0.012617
2588,0.012616
2589,0.012616
2590,0.012615
2591,0.012614
2592,0.012613
2593,0.012613
2594,0.012612
2595,0.012611
2596,0.012611
2597,0.012610
2598,0.012609
2599,0.012608
2600,0.012608
2601,0.012607
2602,0.012606
2603,0.012605
2604,0.012605
2605,0.012604
2606,0.012603
2607,0.012603
2608,0.012602
2609,0.012601
2610,0.012600
2611,0.012600
2612,0.012599
2613,0.012598
2614,0.012597
2615,0.012597
2616,0.012596
2617,0.012595
2618,0.012595
2619,0.012594
2620,0.012593
2621,0.012592
2622,0.012592
2623,0.012591
2624,0.012590
2625,0.012590
2626,0.012589
2627,0.012588
2628,0.012587
2629,0.012587
2630,0.012586
2631,0.012585
2632,0.012585
2633,0.012584
2634,0.012583
2635,0.012582
2636,0.012582
2637,0.012581
2638,0.012580
2639,0.012580
2640,0.012579
2641,0.012578
2642,0.012578
2643,0.012577
2644,0.012576
2645,0.012575
2646,0.012575
2647,0.012574
2648,0.012573
2649,0.012573
2650,0.012572
2651,0.012571
2652,0.012571
2653,0.012570
2654,0.012569
2655,0.012569
2656,0.012568
2657,0.012567
2658,0.012566
2659,0.012566
2660,0.012565
2661,0.012564
2662,0.012564
2663,0.012563
2664,0.012562
2665,0.012562
2666,0.012561
2667,0.012560
2668,0.012560
2669,0.012559
2670,0.012558
2671,0.012558
2672,0.012557
2673,0.012556
2674,0.012556
2675,0.012555
2676,0.012554
2677,0.012554
2678,0.012553
2679,0.012552
2680,0.012552
2681,0.012551
2682,0.012550
2683,0.012550
2684,0.012549
2685,0.012548
2686,0.012548
2687,0.012547
2688,0.012546
2689,0.012546
2690,0.012545
2691,0.012544
2692,0.012544
2693,0.012543
2694,0.012542
2695,0.012542
2696,0.012541
2697,0.012540
2698,0.012540
2699,0.012539
2700,0.012538
2701,0.012538
2702,0.012537
2703,0.012536
2704,0.012536
2705,0.012535
2706,0.012534
2707,0.012534
2708,0.012533
2709,0.012532
2710,0.012532
2711,0.012531
2712,0.012530
2713,0.012530
2714,0.012529
2715,0.012529
2716,0.012528
2717,0.012527
2718,0.012527
2719,0.012526
2720,0.012525
2721,0.012525
2722,0.012524
2723,0.012523
2724,0.012523
2725,0.012522
2726,0.012521
2727,0.012521
2728,0.012520
2729,0.012520
2730,0.012519
2731,0.012518
2732,0.012518
2733,0.012517
2734,0.012516
2735,0.012516
2736,0.012515
2737,0.012515
2738,0.012514
2739,0.012513
2740,0.012513
2741,0.012512
2742,0.012511
2743,0.012511
2744,0.012510
2745,0.012510
2746,0.012509
2747,0.012508
2748,0.012508
2749,0.012507
2750,0.012506
2751,0.012506
2752,0.012505
2753,0.012505
2754,0.012504
2755,0.012503
2756,0.012503
2757,0.012502
2758,0.012501
2759,0.012501
2760,0.012500
2761,0.012500
2762,0.012499
2763,0.012498
2764,0.012498
2765,0.012497
2766,0.012497
2767,0.012496
2768,0.012495
2769,0.012495
2770,0.012494
2771,0.012493
2772,0.012493
2773,0.012492
2774,0.012492
2775,0.012491
2776,0.012490
2777,0.012490
2778,0.012489
2779,0.012489
2780,0.012488
2781,0.012487
2782,0.012487
2783,0.012486
2784,0.012486
2785,0.012485
2786,0.012484
2787,0.012484
2788,0.012483
2789,0.012483
2790,0.012482
2791,0.012481
2792,0.012481
2793,0.012480
2794,0.012480
2795,0.012479
2796,0.012478
2797,0.012478
2798,0.012477
2799,0.012477
2800,0.012476
2801,0.012476
2802,0.012475
2803,0.012474
2804,0.012474
2805,0.012473
2806,0.012473
2807,0.012472
2808,0.012471
2809,0.012471
2810,0.012470
2811,0.012470
2812,0.012469
2813,0.012468
2814,0.012468
2815,0.012467
2816,0.012467
2817,0.012466
2818,0.012466
2819,0.012465
2820,0.012464
2821,0.012464
2822,0.012463
2823,0.012463
2824,0.012462
2825,0.012462
2826,0.012461
2827,0.012460
2828,0.012460
2829,0.012459
2830,0.012459
2831,0.012458
2832,0.012458
2833,0.012457
2834,0.012456
2835,0.012456
2836,0.012455
2837,0.012455
2838,0.012454
2839,0.012454
2840,0.012453
2841,0.012452
2842,0.012452
2843,0.012451
2844,0.012451
2845,0.012450
2846,0.012450
2847,0.012449
2848,0.012448
2849,0.012448
2850,0.012447
2851,0.012447
2852,0.012446
2853,0.012446
2854,0.012445
2855,0.012445
2856,0.012444
2857,0.012443
2858,0.012443
2859,0.012442
2860,0.012442
2861,0.012441
2862,0.012441
2863,0.012440
2864,0.012440
2865,0.012439
2866,0.012438
2867,0.012438
2868,0.012437
2869,0.012437
2870,0.012436
2871,0.012436
2872,0.012435
2873,0.012435
2874,0.012434
2875,0.012434
2876,0.012433
2877,0.012432
2878,0.012432
2879,0.012431
2880,0.012431
2881,0.012430
2882,0.012430
2883,0.012429
2884,0.012429
2885,0.012428
2886,0.012428
2887,0.012427
2888,0.012427
2889,0.012426
2890,0.012425
2891,0.012425
2892,0.012424
2893,0.012424
2894,0.012423
2895,0.012423
2896,0.012422
2897,0.012422
2898,0.012421
2899,0.012421
2900,0.012420
2901,0.012420
2902,0.012419
2903,0.012418
2904,0.012418
2905,0.012417
2906,0.012417
2907,0.012416
2908,0.012416
2909,0.012415
2910,0.012415
2911,0.012414
2912,0.012414
2913,0.012413
2914,0.012413
2915,0.012412
2916,0.012412
2917,0.012411
2918,0.012411
2919,0.012410
2920,0.012410
2921,0.012409
2922,0.012409
2923,0.012408
2924,0.012407
2925,0.012407
2926,0.012406
2927,0.012406
2928,0.012405
2929,0.012405
2930,0.012404
2931,0.012404
2932,0.012403
2933,0.012403
2934,0.012402
2935,0.012402
2936,0.012401
2937,0.012401
2938,0.012400
2939,0.012400
2940,0.012399
2941,0.012399
2942,0.012398
2943,0.012398
2944,0.012397
2945,0.012397
2946,0.012396
2947,0.012396
2948,0.012395
2949,0.012395
2950,0.012394
2951,0.012394
2952,0.012393
2953,0.012393
2954,0.012392
2955,0.012392
2956,0.012391
2957,0.012391
2958,0.012390
2959,0.012390
2960,0.012389
2961,0.012389
2962,0.012388
2963,0.012388
2964,0.012387
2965,0.012387
2966,0.012386
2967,0.012386
2968,0.012385
2969,0.012385
2970,0.012384
2971,0.012384
2972,0.012383
2973,0.012383
2974,0.012382
2975,0.012382
2976,0.012381
2977,0.012381
2978,0.012380
2979,0.012380
2980,0.012379
2981,0.012379
2982,0.012378
2983,0.012378
2984,0.012377
2985,0.012377
2986,0.012376
2987,0.012376
2988,0.012375
2989,0.012375
2990,0.012374
2991,0.012374
2992,0.012373
2993,0.012373
2994,0.012372
2995,0.012372
2996,0.012371
2997,0.012371
2998,0.012370
2999,0.012370
